"A block identifier with the same properties already exists in the selected store.","A block identifier with the same properties already exists in the selected store."
"A directory with the same name already exists. Please try another folder name.","A directory with the same name already exists. Please try another folder name."
"A page URL key for specified store already exists.","A page URL key for specified store already exists."
"Action","Action"
"Add New Block","Add New Block"
"Add New Page","Add New Page"
"All Countries","All Countries"
"An error occurred while saving the page.","An error occurred while saving the page."
"Anchor Custom Text","Anchor Custom Text"
"Anchor Custom Title","Anchor Custom Title"
"Are you sure you want to delete current folder?","Are you sure you want to delete current folder?"
"Are you sure you want to delete the selected file?","Are you sure you want to delete the selected file?"
"Block","Block"
"Block Information","Block Information"
"Block Title","Block Title"
"CMS","CMS"
"CMS Content Wrapper","CMS Content Wrapper"
"CMS Home Page","CMS Home Page"
"CMS No Cookies Page","CMS No Cookies Page"
"CMS No Route Page","CMS No Route Page"
"CMS No-Route Page","CMS No-Route Page"
"CMS Page","CMS Page"
"CMS Page Link","CMS Page Link"
"CMS Page Link Block Template","CMS Page Link Block Template"
"CMS Page Link Inline Template","CMS Page Link Inline Template"
"CMS Pages (All)","CMS Pages (All)"
"CMS Static Block","CMS Static Block"
"CMS Static Block Default Template","CMS Static Block Default Template"
"Cannot create new directory.","Cannot create new directory."
"Cannot delete directory %s.","Cannot delete directory %s."
"Cannot delete root directory %s.","Cannot delete root directory %s."
"Cannot upload file.","Cannot upload file."
"Collapse All","Collapse All"
"Content","Content"
"Content Heading","Content Heading"
"Content Management","Content Management"
"Contents of a Static Block","Contents of a Static Block"
"Create Folder...","Create Folder..."
"Custom Design","Custom Design"
"Custom Design From","Custom Design From"
"Custom Design To","Custom Design To"
"Custom Layout","Custom Layout"
"Custom Layout Update XML","Custom Layout Update XML"
"Custom Theme","Custom Theme"
"Customer Tax Class Information","Customer Tax Class Information"
"Date Created","Date Created"
"Delete Block","Delete Block"
"Delete File","Delete File"
"Delete Folder","Delete Folder"
"Delete Page","Delete Page"
"Description","Deskripsi"
"Design","Design"
"Disabled","Disabled"
"Disabled Completely","Disabled Completely"
"Disabled by Default","Disabled by Default"
"Edit Block","Edit Block"
"Edit Block '%s'","Edit Block '%s'"
"Edit Page","Edit Page"
"Edit Page '%s'","Edit Page '%s'"
"Enable WYSIWYG Editor","Enable WYSIWYG Editor"
"Enabled","Enabled"
"Enabled by Default","Enabled by Default"
"Expand All","Expand All"
"General Information","General Information"
"Go to Home Page","Go to Home Page"
"Home","Home"
"ID","ID"
"Identifier","Identifier"
"If empty, the Page Title will be used","If empty, the Page Title will be used"
"Images (%s)","Images (%s)"
"Insert File","Insert File"
"Invalid folder name. Please, use alphanumeric characters, underscores and dashes.","Invalid folder name. Please, use alphanumeric characters, underscores and dashes."
"Keywords","Keywords"
"Last Modified","Last Modified"
"Layout","Layout"
"Layout Update XML","Layout Update XML"
"Link to a CMS Page","Link to a CMS Page"
"Manage Pages","Manage Pages"
"Media Gallery","Media Gallery"
"Media Storage","Media Storage"
"Meta Data","Meta Data"
"Meta Description","Meta Description"
"Meta Keywords","Meta Keywords"
"New Block","New Block"
"New Folder Name:","New Folder Name:"
"New Page","New Page"
"No files found","No files found"
"Page Information","Page Information"
"Page Layout","Page Layout"
"Page Status","Page Status"
"Page Title","Page Title"
"Pages","Pages"
"Product Tax Class Information","Product Tax Class Information"
"Redirect to CMS-page if Cookies are Disabled","Redirect to CMS-page if Cookies are Disabled"
"Relative to Website Base URL","Relative to Website Base URL"
"Save Block","Save Block"
"Save Page","Save Page"
"Save Process","Save Process"
"Select Block...","Select Block..."
"Select Page...","Select Page..."
"Show Breadcrumbs for CMS Pages","Show Breadcrumbs for CMS Pages"
"Show Notice if JavaScript is Disabled","Show Notice if JavaScript is Disabled"
"Static Blocks","Static Blocks"
"Status","Status"
"Storage Root","Storage Root"
"Store View","Store View"
"Template","Template"
"The block has been deleted.","The block has been deleted."
"The block has been saved.","The block has been saved."
"The directory %s is not writable by server.","The directory %s is not writable by server."
"The page URL key cannot consist only of numbers.","The page URL key cannot consist only of numbers."
"The page URL key contains capital letters or disallowed symbols.","The page URL key contains capital letters or disallowed symbols."
"The page has been deleted.","The page has been deleted."
"The page has been saved.","The page has been saved."
"The static block content cannot contain  directive with its self.","The static block content cannot contain  directive with its self."
"This block no longer exists.","This block no longer exists."
"This page no longer exists.","This page no longer exists."
"Title","Title"
"URL Key","URL Key"
"Unable to find a block to delete.","Unable to find a block to delete."
"Unable to find a page to delete.","Unable to find a page to delete."
"WYSIWYG Options","WYSIWYG Options"
"px.","px."
