"Add","Add"
"Add gift message for shopping cart","Add gift message for shopping cart"
"Add gift messages for quote item of shopping cart","Add gift messages for quote item of shopping cart"
"Add gift messages to products of shopping cart","Add gift messages to products of shopping cart"
"Add gift options","Tambahkan pesan untuk hadiah"
"Add gift options for Individual Items","Tambahkan pesan hadiah per item"
"Add gift options for the Entire Order","Tambahkan pesan hadiah untuk keseluruhan order"
"Add gift options.","Tambahkan pesan untuk hadiah"
"Allow Gift Messages for Order Items","Allow Gift Messages for Order Items"
"Allow Gift Messages on Order Level","Allow Gift Messages on Order Level"
"An error occurred while saving the gift message.","An error occurred while saving the gift message."
"Are you sure?","Are you sure?"
"Cancel","Cancel"
"Do you have any gift items in your order?","Apakah ada item yang akan Anda hadiahkan?"
"Edit","Ubah"
"From","Dari"
"Gift Message","Gift Message"
"Gift Message API","Gift Message API"
"Gift Options","Gift Options"
"Gift Options for","Gift Options for"
"Gift Options for Individual Items","Pesan Hadiah per Item"
"Gift Options for the Entire Order.","Pesan Hadiah untuk Keseluruhan Order"
"Gift Options for this address.","Gift Options for this address."
"Item %d of %d","Item %d of %d"
"Message","Pesan"
"No","No"
"OK","OK"
"Save Gift Message","Save Gift Message"
"The gift message has been removed","The gift message has been removed"
"The gift message has been saved","The gift message has been saved"
"The gift message has been saved.","The gift message has been saved."
"To","Untuk"
"Unknown entity type","Unknown entity type"
"Use config","Use config"
"Yes","Yes"
"You can leave this box blank if you do not wish to add a gift message for the item.","You can leave this box blank if you do not wish to add a gift message for the item."
"You can leave this box blank if you do not wish to add a gift message for this address.","You can leave this box blank if you do not wish to add a gift message for this address."
"You can leave this box blank if you do not wish to add a gift message for whole order.","You can leave this box blank if you do not wish to add a gift message for whole order."
